Score,metric
0.4992704420395433,AUC
0.5949943117178612,Precision
0.5949943117178612,Recall
0.5949943117178612,F
0.6806883365200764,R Squared
