Score,metric
0.4992232944447356,AUC
0.5927770859277709,Precision
0.5927770859277709,Recall
0.5927770859277709,F
0.6869747899159664,R Squared
