Score,metric
0.49856527485082774,AUC
0.5871313672922251,Precision
0.5871313672922251,Recall
0.5871313672922251,F
0.7031963470319635,R Squared
