Score,metric
0.4990659925560715,AUC
0.5883256528417818,Precision
0.5883256528417818,Recall
0.5883256528417818,F
0.6997389033942556,R Squared
