Score,metric
0.4992058362420367,AUC
0.5893536121673004,Precision
0.5893536121673004,Recall
0.5893536121673004,F
0.6967741935483869,R Squared
