Score,metric
0.4987352437788519,AUC
0.5862785862785863,Precision
0.5862785862785863,Recall
0.5862785862785863,F
0.7056737588652482,R Squared
