Score,metric
0.4986309117930101,AUC
0.5824175824175825,Precision
0.5824175824175825,Recall
0.5824175824175825,F
0.7169811320754718,R Squared
