Score,metric
0.499242294850166,AUC
0.5926829268292683,Precision
0.5926829268292683,Recall
0.5926829268292683,F
0.6872427983539096,R Squared
