Score,metric
0.49925693568610985,AUC
0.5962877030162413,Precision
0.5962877030162413,Recall
0.5962877030162413,F
0.6770428015564203,R Squared
