Score,metric
0.4985485504934583,AUC
0.5874125874125874,Precision
0.5874125874125874,Recall
0.5874125874125874,F
0.7023809523809523,R Squared
