Score,metric
0.4984749723074239,AUC
0.5936599423631124,Precision
0.5936599423631124,Recall
0.5936599423631124,F
0.6844660194174759,R Squared
