Score,metric
0.4984961444480886,AUC
0.5807228915662651,Precision
0.5807228915662651,Recall
0.5807228915662651,F
0.7219917012448134,R Squared
