Score,metric
0.49853559187195895,AUC
0.5845070422535211,Precision
0.5845070422535211,Recall
0.5845070422535211,F
0.7108433734939761,R Squared
