Score,metric
0.49893773654353263,AUC
0.5784832451499118,Precision
0.5784832451499118,Recall
0.5784832451499118,F
0.7286585365853657,R Squared
