Score,metric
0.49840719664261574,AUC
0.5900621118012422,Precision
0.5900621118012422,Recall
0.5900621118012422,F
0.6947368421052631,R Squared
