Score,metric
0.49877734106647,AUC
0.5818181818181818,Precision
0.5818181818181818,Recall
0.5818181818181818,F
0.71875,R Squared
