Score,metric
0.4986698490887949,AUC
0.5833333333333334,Precision
0.5833333333333334,Recall
0.5833333333333334,F
0.7142857142857142,R Squared
