Score,metric
0.49847965298944724,AUC
0.5790754257907542,Precision
0.5790754257907542,Recall
0.5790754257907542,F
0.7268907563025209,R Squared
