Score,metric
0.4991681494291204,AUC
0.5904887714663144,Precision
0.5904887714663144,Recall
0.5904887714663144,F
0.6935123042505593,R Squared
