Score,metric
0.4986378549733062,AUC
0.5851528384279476,Precision
0.5851528384279476,Recall
0.5851528384279476,F
0.7089552238805967,R Squared
