Score,metric
0.4984795967298226,AUC
0.5770171149144254,Precision
0.5770171149144254,Recall
0.5770171149144254,F
0.7330508474576272,R Squared
