Score,metric
0.4992918265954783,AUC
0.5939933259176863,Precision
0.5939933259176863,Recall
0.5939933259176863,F
0.6835205992509363,R Squared
