Score,metric
0.4991984305283959,AUC
0.58898847631242,Precision
0.58898847631242,Recall
0.58898847631242,F
0.6978260869565218,R Squared
