Score,metric
0.4986115558227155,AUC
0.5803108808290155,Precision
0.5803108808290155,Recall
0.5803108808290155,F
0.7232142857142858,R Squared
