Score,metric
0.4991897222163402,AUC
0.592496765847348,Precision
0.592496765847348,Recall
0.592496765847348,F
0.687772925764192,R Squared
