Score,metric
0.49830352007326145,AUC
0.5903225806451613,Precision
0.5903225806451613,Recall
0.5903225806451613,F
0.6939890710382515,R Squared
