Score,metric
0.498916740257976,AUC
0.5766423357664233,Precision
0.5766423357664233,Recall
0.5766423357664233,F
0.7341772151898736,R Squared
