Score,metric
0.4990809472544503,AUC
0.58796992481203,Precision
0.58796992481203,Recall
0.58796992481203,F
0.70076726342711,R Squared
