Score,metric
0.4991678671838204,AUC
0.5912698412698413,Precision
0.5912698412698413,Recall
0.5912698412698413,F
0.6912751677852349,R Squared
