Score,metric
0.49913469423375795,AUC
0.5957446808510638,Precision
0.5957446808510638,Recall
0.5957446808510638,F
0.6785714285714286,R Squared
