Score,metric
0.49872308144235017,AUC
0.5840336134453782,Precision
0.5840336134453782,Recall
0.5840336134453782,F
0.7122302158273381,R Squared
