Score,metric
0.49863092265002945,AUC
0.58269720101781175,Precision
0.58269720101781175,Recall
0.58269720101781175,F
0.7161572052401746,R Squared
