Score,metric
0.49854794759338505,AUC
0.5896739130434783,Precision
0.5896739130434783,Recall
0.5896739130434783,F
0.695852534562212,R Squared
