Score,metric
0.4990903679553142,AUC
0.5919881305637982,Precision
0.5919881305637982,Recall
0.5919881305637982,F
0.6892230576441103,R Squared
