Score,metric
0.49859493603714655,AUC
0.577023498694517,Precision
0.577023498694517,Recall
0.577023498694517,F
0.7330316742081449,R Squared
