Score,metric
0.4989222563080274,AUC
0.5757575757575758,Precision
0.5757575757575758,Recall
0.5757575757575758,F
0.736842105263158,R Squared
