Score,metric
0.498968904973891,AUC
0.5738831615120275,Precision
0.5738831615120275,Recall
0.5738831615120275,F
0.7425149700598801,R Squared
