Score,metric
0.49910988551061947,AUC
0.5942028985507246,Precision
0.5942028985507246,Recall
0.5942028985507246,F
0.6829268292682926,R Squared
