Score,metric
0.4985413529253735,AUC
0.5912806539509536,Precision
0.5912806539509536,Recall
0.5912806539509536,F
0.6912442396313365,R Squared
