Score,metric
0.4984749723074239,AUC
0.590778097982709,Precision
0.590778097982709,Recall
0.590778097982709,F
0.6926829268292682,R Squared
