Score,metric
0.4984281086669778,AUC
0.5946745562130178,Precision
0.5946745562130178,Recall
0.5946745562130178,F
0.6815920398009951,R Squared
