Score,metric
0.4992310297795158,AUC
0.5945611866501854,Precision
0.5945611866501854,Recall
0.5945611866501854,F
0.6819126819126817,R Squared
