Score,metric
0.4985348960636666,AUC
0.5940054495912807,Precision
0.5940054495912807,Recall
0.5940054495912807,F
0.6834862385321103,R Squared
