Score,metric
0.49898625191041585,AUC
0.5773710482529119,Precision
0.5773710482529119,Recall
0.5773710482529119,F
0.7319884726224783,R Squared
