Score,metric
0.49914901059548833,AUC
0.5932432432432433,Precision
0.5932432432432433,Recall
0.5932432432432433,F
0.6856492027334851,R Squared
