Score,metric
0.49927477019101524,AUC
0.5986471251409244,Precision
0.5986471251409244,Recall
0.5986471251409244,F
0.6704331450094161,R Squared
