Score,metric
0.4992873689924655,AUC
0.594475138121547,Precision
0.594475138121547,Recall
0.594475138121547,F
0.6821561338289963,R Squared
