Score,metric
0.4992878725954331,AUC
0.5944134078212291,Precision
0.5944134078212291,Recall
0.5944134078212291,F
0.6823308270676693,R Squared
