Score,metric
0.49926708919462426,AUC
0.5954285714285714,Precision
0.5954285714285714,Recall
0.5954285714285714,F
0.6794625719769674,R Squared
