Score,metric
0.49848450748832446,AUC
0.5897435897435898,Precision
0.5897435897435898,Recall
0.5897435897435898,F
0.6956521739130435,R Squared
