Score,metric
0.4985570852023504,AUC
0.5864864864864865,Precision
0.5864864864864865,Recall
0.5864864864864865,F
0.7050691244239631,R Squared
