Score,metric
0.49864139110336436,AUC
0.5858585858585859,Precision
0.5858585858585859,Recall
0.5858585858585859,F
0.7068965517241379,R Squared
