Score,metric
0.4991204661191145,AUC
0.5935754189944135,Precision
0.5935754189944135,Recall
0.5935754189944135,F
0.6847058823529413,R Squared
