Score,metric
0.49922721055395486,AUC
0.5958986731001207,Precision
0.5958986731001207,Recall
0.5958986731001207,F
0.6781376518218625,R Squared
