Score,metric
0.4988336290923041,AUC
0.5787401574803149,Precision
0.5787401574803149,Recall
0.5787401574803149,F
0.7278911564625852,R Squared
