Score,metric
0.49922879785636165,AUC
0.5968712394705175,Precision
0.5968712394705175,Recall
0.5968712394705175,F
0.6754032258064517,R Squared
