Score,metric
0.49923871842590606,AUC
0.5959715639810427,Precision
0.5959715639810427,Recall
0.5959715639810427,F
0.6779324055666003,R Squared
