Score,metric
0.49913029125471875,AUC
0.5948644793152639,Precision
0.5948644793152639,Recall
0.5948644793152639,F
0.6810551558752997,R Squared
