Score,metric
0.4984725494013827,AUC
0.58679706601467,Precision
0.58679706601467,Recall
0.58679706601467,F
0.7041666666666666,R Squared
