Score,metric
0.4988748516164587,AUC
0.5781544256120528,Precision
0.5781544256120528,Recall
0.5781544256120528,F
0.7296416938110748,R Squared
