Score,metric
0.49913519522355126,AUC
0.59366391184573,Precision
0.59366391184573,Recall
0.59366391184573,F
0.6844547563805103,R Squared
