Score,metric
0.49891051136852865,AUC
0.5779816513761468,Precision
0.5779816513761468,Recall
0.5779816513761468,F
0.7301587301587302,R Squared
