Score,metric
0.49887896018096134,AUC
0.5797373358348968,Precision
0.5797373358348968,Recall
0.5797373358348968,F
0.7249190938511327,R Squared
