Score,metric
0.4985681261775558,AUC
0.584,Precision
0.584,Recall
0.584,F
0.7123287671232876,R Squared
