Score,metric
0.4992522988387797,AUC
0.5939323220536756,Precision
0.5939323220536756,Recall
0.5939323220536756,F
0.6836935166994107,R Squared
