Score,metric
0.4991298880112847,AUC
0.5962910128388017,Precision
0.5962910128388017,Recall
0.5962910128388017,F
0.6770334928229662,R Squared
