Score,metric
0.4985630827693955,AUC
0.583710407239819,Precision
0.583710407239819,Recall
0.583710407239819,F
0.7131782945736433,R Squared
